{
    "max_alerts": 800,
    "max_users": 400,
    "max_jams": 200,

    "pos_top": 42.13156902350599,
    "pos_bottom": 34.95179045519275,
    "pos_left": -96.59179687500001,
    "pos_right": -71.27929687500001,

    "timeout": 1000,
    "file_depth": 4
}